Entropy,Degree of divergence,Weights
0.899836267,0.100163733,0.130557
0.999848868,0.000151132,0.000197
0.926290704,0.073709296,0.096075
0.860440737,0.139559263,0.181907
0.548018961,0.451981039,0.589128
0.999860717,0.000139283,0.000182
0.999784574,0.000215426,0.000281
0.998864399,0.001135601,0.001480
0.99985182,0.00014818,0.000193
